#	Reference	Run Label	Condition	Fraction	Replicate	Quantity Correction Factor	Label	Color	File Name					
1	FALSE	example_01.raw	example	NA	1	1	example	#EC1315	example_01					
2	FALSE	example_02.raw	example	NA	1	1	example	#EC1315	example_02					
3	FALSE	example_03.raw	example	NA	1	1	example	#EC1315	example_03					
														
														
														
														
														
														
														
														
														
														
														
														
														
														
														
														
														
														
														
														
														s